Query,Website links,Phone Numbers
restaurants in acton,http://www.buenoysano.com/,+1 978-263-9200
restaurants in acton,http://filhosgreatroad.com/,+1 978-263-2222
restaurants in acton,http://lelyonnaisacton.com/,+1 978-263-9068
restaurants in acton,http://www.benjarongacton.com/,+1 978-635-9580
restaurants in acton,http://www.redravenacton.com/,+1 978-274-2231
restaurants in acton,https://goo.gl/ngS9TA,+1 978-635-0101
restaurants in acton,http://actonnewlondonstylepizza.com/,+1 978-263-3033
restaurants in acton,http://www.twinsseafood.com/,+1 978-635-0010
restaurants in acton,https://www.crossroadscafeacton.com/,+1 978-263-9733
restaurants in acton,https://www.dicapripizza.com/,+1 978-268-2621
restaurants in acton,http://www.bickfordsrestaurants.com/,+1 978-263-0442
restaurants in acton,https://www.btsushi.com/Menus,+1 978-429-8989
restaurants in acton,https://holygrailacton.com/,+1 978-263-5500
restaurants in acton,http://www.gingercourt.com/,+1 978-264-3100
restaurants in acton,http://www.spicepeppergarden.com/,+1 978-369-8808
restaurants in acton,http://thecheesesteakguys.com/,+1 978-929-9955
restaurants in acton,https://sorrentospizzeria.com/,+1 978-261-3698
restaurants in acton,http://drinkrapscallion.com/,+1 978-429-8161
restaurants in acton,https://elhuipil.com/,+1 978-795-4413
restaurants in acton,https://www.myblackbirdcafe.com/,+1 978-274-2403
